﻿<?xml version="1.0"?>
<doc>
<assembly>
<name>
Player
</name>
</assembly>
<members>
<member name="T:TextAdventures.Quest.My.Resources.Resources">
<summary>
  A strongly-typed resource class, for looking up localized strings, etc.
</summary>
</member>
<member name="P:TextAdventures.Quest.My.Resources.Resources.ResourceManager">
<summary>
  Returns the cached ResourceManager instance used by this class.
</summary>
</member>
<member name="P:TextAdventures.Quest.My.Resources.Resources.Culture">
<summary>
  Overrides the current thread's CurrentUICulture property for all
  resource lookups using this strongly typed resource class.
</summary>
</member>
<member name="P:TextAdventures.Quest.My.Resources.Resources.b_debug">
<summary>
  Looks up a localized resource of type System.Drawing.Bitmap.
</summary>
</member>
<member name="P:TextAdventures.Quest.My.Resources.Resources.b_html">
<summary>
  Looks up a localized resource of type System.Drawing.Bitmap.
</summary>
</member>
<member name="P:TextAdventures.Quest.My.Resources.Resources.b_log">
<summary>
  Looks up a localized resource of type System.Drawing.Bitmap.
</summary>
</member>
<member name="P:TextAdventures.Quest.My.Resources.Resources.b_stop">
<summary>
  Looks up a localized resource of type System.Drawing.Bitmap.
</summary>
</member>
<member name="P:TextAdventures.Quest.My.Resources.Resources.b_walkthrough">
<summary>
  Looks up a localized resource of type System.Drawing.Bitmap.
</summary>
</member>
</members>
</doc>
