﻿<?xml version="1.0"?>
<doc>
<assembly>
<name>
Editor
</name>
</assembly>
<members>
<member name="T:TextAdventures.Quest.My.Resources.Resources">
<summary>
  Eine stark typisierte Ressourcenklasse zum Suchen von lokalisierten Zeichenfolgen usw.
</summary>
</member>
<member name="P:TextAdventures.Quest.My.Resources.Resources.ResourceManager">
<summary>
  Gibt die zwischengespeicherte ResourceManager-Instanz zurück, die von dieser Klasse verwendet wird.
</summary>
</member>
<member name="P:TextAdventures.Quest.My.Resources.Resources.Culture">
<summary>
  Überschreibt die CurrentUICulture-Eigenschaft des aktuellen Threads für alle
  Ressourcenzuordnungen, die diese stark typisierte Ressourcenklasse verwenden.
</summary>
</member>
<member name="P:TextAdventures.Quest.My.Resources.Resources.addobject">
<summary>
  Sucht eine lokalisierte Ressource vom Typ System.Drawing.Bitmap.
</summary>
</member>
<member name="P:TextAdventures.Quest.My.Resources.Resources.addroom">
<summary>
  Sucht eine lokalisierte Ressource vom Typ System.Drawing.Bitmap.
</summary>
</member>
<member name="P:TextAdventures.Quest.My.Resources.Resources.b_add_page">
<summary>
  Sucht eine lokalisierte Ressource vom Typ System.Drawing.Bitmap.
</summary>
</member>
<member name="P:TextAdventures.Quest.My.Resources.Resources.b_back">
<summary>
  Sucht eine lokalisierte Ressource vom Typ System.Drawing.Bitmap.
</summary>
</member>
<member name="P:TextAdventures.Quest.My.Resources.Resources.b_code">
<summary>
  Sucht eine lokalisierte Ressource vom Typ System.Drawing.Bitmap.
</summary>
</member>
<member name="P:TextAdventures.Quest.My.Resources.Resources.b_copy">
<summary>
  Sucht eine lokalisierte Ressource vom Typ System.Drawing.Bitmap.
</summary>
</member>
<member name="P:TextAdventures.Quest.My.Resources.Resources.b_cut">
<summary>
  Sucht eine lokalisierte Ressource vom Typ System.Drawing.Bitmap.
</summary>
</member>
<member name="P:TextAdventures.Quest.My.Resources.Resources.b_debug">
<summary>
  Sucht eine lokalisierte Ressource vom Typ System.Drawing.Bitmap.
</summary>
</member>
<member name="P:TextAdventures.Quest.My.Resources.Resources.b_delete">
<summary>
  Sucht eine lokalisierte Ressource vom Typ System.Drawing.Bitmap.
</summary>
</member>
<member name="P:TextAdventures.Quest.My.Resources.Resources.b_forward">
<summary>
  Sucht eine lokalisierte Ressource vom Typ System.Drawing.Bitmap.
</summary>
</member>
<member name="P:TextAdventures.Quest.My.Resources.Resources.b_help">
<summary>
  Sucht eine lokalisierte Ressource vom Typ System.Drawing.Bitmap.
</summary>
</member>
<member name="P:TextAdventures.Quest.My.Resources.Resources.b_html">
<summary>
  Sucht eine lokalisierte Ressource vom Typ System.Drawing.Bitmap.
</summary>
</member>
<member name="P:TextAdventures.Quest.My.Resources.Resources.b_log">
<summary>
  Sucht eine lokalisierte Ressource vom Typ System.Drawing.Bitmap.
</summary>
</member>
<member name="P:TextAdventures.Quest.My.Resources.Resources.b_new">
<summary>
  Sucht eine lokalisierte Ressource vom Typ System.Drawing.Bitmap.
</summary>
</member>
<member name="P:TextAdventures.Quest.My.Resources.Resources.b_object">
<summary>
  Sucht eine lokalisierte Ressource vom Typ System.Drawing.Bitmap.
</summary>
</member>
<member name="P:TextAdventures.Quest.My.Resources.Resources.b_open">
<summary>
  Sucht eine lokalisierte Ressource vom Typ System.Drawing.Bitmap.
</summary>
</member>
<member name="P:TextAdventures.Quest.My.Resources.Resources.b_paste">
<summary>
  Sucht eine lokalisierte Ressource vom Typ System.Drawing.Bitmap.
</summary>
</member>
<member name="P:TextAdventures.Quest.My.Resources.Resources.b_play">
<summary>
  Sucht eine lokalisierte Ressource vom Typ System.Drawing.Bitmap.
</summary>
</member>
<member name="P:TextAdventures.Quest.My.Resources.Resources.b_repeat">
<summary>
  Sucht eine lokalisierte Ressource vom Typ System.Drawing.Bitmap.
</summary>
</member>
<member name="P:TextAdventures.Quest.My.Resources.Resources.b_replace">
<summary>
  Sucht eine lokalisierte Ressource vom Typ System.Drawing.Bitmap.
</summary>
</member>
<member name="P:TextAdventures.Quest.My.Resources.Resources.b_room">
<summary>
  Sucht eine lokalisierte Ressource vom Typ System.Drawing.Bitmap.
</summary>
</member>
<member name="P:TextAdventures.Quest.My.Resources.Resources.b_save">
<summary>
  Sucht eine lokalisierte Ressource vom Typ System.Drawing.Bitmap.
</summary>
</member>
<member name="P:TextAdventures.Quest.My.Resources.Resources.b_search">
<summary>
  Sucht eine lokalisierte Ressource vom Typ System.Drawing.Bitmap.
</summary>
</member>
<member name="P:TextAdventures.Quest.My.Resources.Resources.b_stop">
<summary>
  Sucht eine lokalisierte Ressource vom Typ System.Drawing.Bitmap.
</summary>
</member>
<member name="P:TextAdventures.Quest.My.Resources.Resources.b_undo">
<summary>
  Sucht eine lokalisierte Ressource vom Typ System.Drawing.Bitmap.
</summary>
</member>
<member name="P:TextAdventures.Quest.My.Resources.Resources.questlogo">
<summary>
  Sucht eine lokalisierte Ressource vom Typ System.Drawing.Bitmap.
</summary>
</member>
<member name="P:TextAdventures.Quest.My.Resources.Resources.s_object_close">
<summary>
  Sucht eine lokalisierte Ressource vom Typ System.Drawing.Bitmap.
</summary>
</member>
<member name="P:TextAdventures.Quest.My.Resources.Resources.s_object_open">
<summary>
  Sucht eine lokalisierte Ressource vom Typ System.Drawing.Bitmap.
</summary>
</member>
</members>
</doc>
