﻿<?xml version="1.0"?>
<doc>
<assembly>
<name>
Menus
</name>
</assembly>
<members>
<member name="T:TextAdventures.Quest.Controls.My.Resources.Resources">
<summary>
  Eine stark typisierte Ressourcenklasse zum Suchen von lokalisierten Zeichenfolgen usw.
</summary>
</member>
<member name="P:TextAdventures.Quest.Controls.My.Resources.Resources.ResourceManager">
<summary>
  Gibt die zwischengespeicherte ResourceManager-Instanz zurück, die von dieser Klasse verwendet wird.
</summary>
</member>
<member name="P:TextAdventures.Quest.Controls.My.Resources.Resources.Culture">
<summary>
  Überschreibt die CurrentUICulture-Eigenschaft des aktuellen Threads für alle
  Ressourcenzuordnungen, die diese stark typisierte Ressourcenklasse verwenden.
</summary>
</member>
<member name="P:TextAdventures.Quest.Controls.My.Resources.Resources.addobject">
<summary>
  Sucht eine lokalisierte Ressource vom Typ System.Drawing.Bitmap.
</summary>
</member>
<member name="P:TextAdventures.Quest.Controls.My.Resources.Resources.addroom">
<summary>
  Sucht eine lokalisierte Ressource vom Typ System.Drawing.Bitmap.
</summary>
</member>
<member name="P:TextAdventures.Quest.Controls.My.Resources.Resources.DocumentHS">
<summary>
  Sucht eine lokalisierte Ressource vom Typ System.Drawing.Bitmap.
</summary>
</member>
<member name="P:TextAdventures.Quest.Controls.My.Resources.Resources.s_about">
<summary>
  Sucht eine lokalisierte Ressource vom Typ System.Drawing.Bitmap.
</summary>
</member>
<member name="P:TextAdventures.Quest.Controls.My.Resources.Resources.s_add_page">
<summary>
  Sucht eine lokalisierte Ressource vom Typ System.Drawing.Bitmap.
</summary>
</member>
<member name="P:TextAdventures.Quest.Controls.My.Resources.Resources.s_code">
<summary>
  Sucht eine lokalisierte Ressource vom Typ System.Drawing.Bitmap.
</summary>
</member>
<member name="P:TextAdventures.Quest.Controls.My.Resources.Resources.s_command">
<summary>
  Sucht eine lokalisierte Ressource vom Typ System.Drawing.Bitmap.
</summary>
</member>
<member name="P:TextAdventures.Quest.Controls.My.Resources.Resources.s_copy">
<summary>
  Sucht eine lokalisierte Ressource vom Typ System.Drawing.Bitmap.
</summary>
</member>
<member name="P:TextAdventures.Quest.Controls.My.Resources.Resources.s_cut">
<summary>
  Sucht eine lokalisierte Ressource vom Typ System.Drawing.Bitmap.
</summary>
</member>
<member name="P:TextAdventures.Quest.Controls.My.Resources.Resources.s_debug">
<summary>
  Sucht eine lokalisierte Ressource vom Typ System.Drawing.Bitmap.
</summary>
</member>
<member name="P:TextAdventures.Quest.Controls.My.Resources.Resources.s_delete">
<summary>
  Sucht eine lokalisierte Ressource vom Typ System.Drawing.Bitmap.
</summary>
</member>
<member name="P:TextAdventures.Quest.Controls.My.Resources.Resources.s_edit">
<summary>
  Sucht eine lokalisierte Ressource vom Typ System.Drawing.Bitmap.
</summary>
</member>
<member name="P:TextAdventures.Quest.Controls.My.Resources.Resources.s_exit">
<summary>
  Sucht eine lokalisierte Ressource vom Typ System.Drawing.Bitmap.
</summary>
</member>
<member name="P:TextAdventures.Quest.Controls.My.Resources.Resources.s_forum">
<summary>
  Sucht eine lokalisierte Ressource vom Typ System.Drawing.Bitmap.
</summary>
</member>
<member name="P:TextAdventures.Quest.Controls.My.Resources.Resources.s_fullscreen">
<summary>
  Sucht eine lokalisierte Ressource vom Typ System.Drawing.Bitmap.
</summary>
</member>
<member name="P:TextAdventures.Quest.Controls.My.Resources.Resources.s_function">
<summary>
  Sucht eine lokalisierte Ressource vom Typ System.Drawing.Bitmap.
</summary>
</member>
<member name="P:TextAdventures.Quest.Controls.My.Resources.Resources.s_help">
<summary>
  Sucht eine lokalisierte Ressource vom Typ System.Drawing.Bitmap.
</summary>
</member>
<member name="P:TextAdventures.Quest.Controls.My.Resources.Resources.s_html">
<summary>
  Sucht eine lokalisierte Ressource vom Typ System.Drawing.Bitmap.
</summary>
</member>
<member name="P:TextAdventures.Quest.Controls.My.Resources.Resources.s_log">
<summary>
  Sucht eine lokalisierte Ressource vom Typ System.Drawing.Bitmap.
</summary>
</member>
<member name="P:TextAdventures.Quest.Controls.My.Resources.Resources.s_new">
<summary>
  Sucht eine lokalisierte Ressource vom Typ System.Drawing.Bitmap.
</summary>
</member>
<member name="P:TextAdventures.Quest.Controls.My.Resources.Resources.s_object">
<summary>
  Sucht eine lokalisierte Ressource vom Typ System.Drawing.Bitmap.
</summary>
</member>
<member name="P:TextAdventures.Quest.Controls.My.Resources.Resources.s_open">
<summary>
  Sucht eine lokalisierte Ressource vom Typ System.Drawing.Bitmap.
</summary>
</member>
<member name="P:TextAdventures.Quest.Controls.My.Resources.Resources.s_options">
<summary>
  Sucht eine lokalisierte Ressource vom Typ System.Drawing.Bitmap.
</summary>
</member>
<member name="P:TextAdventures.Quest.Controls.My.Resources.Resources.s_paste">
<summary>
  Sucht eine lokalisierte Ressource vom Typ System.Drawing.Bitmap.
</summary>
</member>
<member name="P:TextAdventures.Quest.Controls.My.Resources.Resources.s_play">
<summary>
  Sucht eine lokalisierte Ressource vom Typ System.Drawing.Bitmap.
</summary>
</member>
<member name="P:TextAdventures.Quest.Controls.My.Resources.Resources.s_public">
<summary>
  Sucht eine lokalisierte Ressource vom Typ System.Drawing.Bitmap.
</summary>
</member>
<member name="P:TextAdventures.Quest.Controls.My.Resources.Resources.s_redo">
<summary>
  Sucht eine lokalisierte Ressource vom Typ System.Drawing.Bitmap.
</summary>
</member>
<member name="P:TextAdventures.Quest.Controls.My.Resources.Resources.s_replace">
<summary>
  Sucht eine lokalisierte Ressource vom Typ System.Drawing.Bitmap.
</summary>
</member>
<member name="P:TextAdventures.Quest.Controls.My.Resources.Resources.s_restart">
<summary>
  Sucht eine lokalisierte Ressource vom Typ System.Drawing.Bitmap.
</summary>
</member>
<member name="P:TextAdventures.Quest.Controls.My.Resources.Resources.s_room">
<summary>
  Sucht eine lokalisierte Ressource vom Typ System.Drawing.Bitmap.
</summary>
</member>
<member name="P:TextAdventures.Quest.Controls.My.Resources.Resources.s_save">
<summary>
  Sucht eine lokalisierte Ressource vom Typ System.Drawing.Bitmap.
</summary>
</member>
<member name="P:TextAdventures.Quest.Controls.My.Resources.Resources.s_save_as">
<summary>
  Sucht eine lokalisierte Ressource vom Typ System.Drawing.Bitmap.
</summary>
</member>
<member name="P:TextAdventures.Quest.Controls.My.Resources.Resources.s_search">
<summary>
  Sucht eine lokalisierte Ressource vom Typ System.Drawing.Bitmap.
</summary>
</member>
<member name="P:TextAdventures.Quest.Controls.My.Resources.Resources.s_stop">
<summary>
  Sucht eine lokalisierte Ressource vom Typ System.Drawing.Bitmap.
</summary>
</member>
<member name="P:TextAdventures.Quest.Controls.My.Resources.Resources.s_timer">
<summary>
  Sucht eine lokalisierte Ressource vom Typ System.Drawing.Bitmap.
</summary>
</member>
<member name="P:TextAdventures.Quest.Controls.My.Resources.Resources.s_turn">
<summary>
  Sucht eine lokalisierte Ressource vom Typ System.Drawing.Bitmap.
</summary>
</member>
<member name="P:TextAdventures.Quest.Controls.My.Resources.Resources.s_undo">
<summary>
  Sucht eine lokalisierte Ressource vom Typ System.Drawing.Bitmap.
</summary>
</member>
<member name="P:TextAdventures.Quest.Controls.My.Resources.Resources.s_verb">
<summary>
  Sucht eine lokalisierte Ressource vom Typ System.Drawing.Bitmap.
</summary>
</member>
<member name="P:TextAdventures.Quest.Controls.My.Resources.Resources.s_walk">
<summary>
  Sucht eine lokalisierte Ressource vom Typ System.Drawing.Bitmap.
</summary>
</member>
</members>
</doc>
