﻿<?xml version="1.0"?>
<doc>
<assembly>
<name>
Menus
</name>
</assembly>
<members>
<member name="T:TextAdventures.Quest.Controls.My.Resources.Resources">
<summary>
  A strongly-typed resource class, for looking up localized strings, etc.
</summary>
</member>
<member name="P:TextAdventures.Quest.Controls.My.Resources.Resources.ResourceManager">
<summary>
  Returns the cached ResourceManager instance used by this class.
</summary>
</member>
<member name="P:TextAdventures.Quest.Controls.My.Resources.Resources.Culture">
<summary>
  Overrides the current thread's CurrentUICulture property for all
  resource lookups using this strongly typed resource class.
</summary>
</member>
<member name="P:TextAdventures.Quest.Controls.My.Resources.Resources.addobject">
<summary>
  Looks up a localized resource of type System.Drawing.Bitmap.
</summary>
</member>
<member name="P:TextAdventures.Quest.Controls.My.Resources.Resources.addroom">
<summary>
  Looks up a localized resource of type System.Drawing.Bitmap.
</summary>
</member>
<member name="P:TextAdventures.Quest.Controls.My.Resources.Resources.DocumentHS">
<summary>
  Looks up a localized resource of type System.Drawing.Bitmap.
</summary>
</member>
<member name="P:TextAdventures.Quest.Controls.My.Resources.Resources.s_about">
<summary>
  Looks up a localized resource of type System.Drawing.Bitmap.
</summary>
</member>
<member name="P:TextAdventures.Quest.Controls.My.Resources.Resources.s_add_page">
<summary>
  Looks up a localized resource of type System.Drawing.Bitmap.
</summary>
</member>
<member name="P:TextAdventures.Quest.Controls.My.Resources.Resources.s_code">
<summary>
  Looks up a localized resource of type System.Drawing.Bitmap.
</summary>
</member>
<member name="P:TextAdventures.Quest.Controls.My.Resources.Resources.s_command">
<summary>
  Looks up a localized resource of type System.Drawing.Bitmap.
</summary>
</member>
<member name="P:TextAdventures.Quest.Controls.My.Resources.Resources.s_copy">
<summary>
  Looks up a localized resource of type System.Drawing.Bitmap.
</summary>
</member>
<member name="P:TextAdventures.Quest.Controls.My.Resources.Resources.s_cut">
<summary>
  Looks up a localized resource of type System.Drawing.Bitmap.
</summary>
</member>
<member name="P:TextAdventures.Quest.Controls.My.Resources.Resources.s_debug">
<summary>
  Looks up a localized resource of type System.Drawing.Bitmap.
</summary>
</member>
<member name="P:TextAdventures.Quest.Controls.My.Resources.Resources.s_delete">
<summary>
  Looks up a localized resource of type System.Drawing.Bitmap.
</summary>
</member>
<member name="P:TextAdventures.Quest.Controls.My.Resources.Resources.s_edit">
<summary>
  Looks up a localized resource of type System.Drawing.Bitmap.
</summary>
</member>
<member name="P:TextAdventures.Quest.Controls.My.Resources.Resources.s_exit">
<summary>
  Looks up a localized resource of type System.Drawing.Bitmap.
</summary>
</member>
<member name="P:TextAdventures.Quest.Controls.My.Resources.Resources.s_forum">
<summary>
  Looks up a localized resource of type System.Drawing.Bitmap.
</summary>
</member>
<member name="P:TextAdventures.Quest.Controls.My.Resources.Resources.s_fullscreen">
<summary>
  Looks up a localized resource of type System.Drawing.Bitmap.
</summary>
</member>
<member name="P:TextAdventures.Quest.Controls.My.Resources.Resources.s_function">
<summary>
  Looks up a localized resource of type System.Drawing.Bitmap.
</summary>
</member>
<member name="P:TextAdventures.Quest.Controls.My.Resources.Resources.s_help">
<summary>
  Looks up a localized resource of type System.Drawing.Bitmap.
</summary>
</member>
<member name="P:TextAdventures.Quest.Controls.My.Resources.Resources.s_html">
<summary>
  Looks up a localized resource of type System.Drawing.Bitmap.
</summary>
</member>
<member name="P:TextAdventures.Quest.Controls.My.Resources.Resources.s_log">
<summary>
  Looks up a localized resource of type System.Drawing.Bitmap.
</summary>
</member>
<member name="P:TextAdventures.Quest.Controls.My.Resources.Resources.s_new">
<summary>
  Looks up a localized resource of type System.Drawing.Bitmap.
</summary>
</member>
<member name="P:TextAdventures.Quest.Controls.My.Resources.Resources.s_object">
<summary>
  Looks up a localized resource of type System.Drawing.Bitmap.
</summary>
</member>
<member name="P:TextAdventures.Quest.Controls.My.Resources.Resources.s_open">
<summary>
  Looks up a localized resource of type System.Drawing.Bitmap.
</summary>
</member>
<member name="P:TextAdventures.Quest.Controls.My.Resources.Resources.s_options">
<summary>
  Looks up a localized resource of type System.Drawing.Bitmap.
</summary>
</member>
<member name="P:TextAdventures.Quest.Controls.My.Resources.Resources.s_paste">
<summary>
  Looks up a localized resource of type System.Drawing.Bitmap.
</summary>
</member>
<member name="P:TextAdventures.Quest.Controls.My.Resources.Resources.s_play">
<summary>
  Looks up a localized resource of type System.Drawing.Bitmap.
</summary>
</member>
<member name="P:TextAdventures.Quest.Controls.My.Resources.Resources.s_public">
<summary>
  Looks up a localized resource of type System.Drawing.Bitmap.
</summary>
</member>
<member name="P:TextAdventures.Quest.Controls.My.Resources.Resources.s_redo">
<summary>
  Looks up a localized resource of type System.Drawing.Bitmap.
</summary>
</member>
<member name="P:TextAdventures.Quest.Controls.My.Resources.Resources.s_replace">
<summary>
  Looks up a localized resource of type System.Drawing.Bitmap.
</summary>
</member>
<member name="P:TextAdventures.Quest.Controls.My.Resources.Resources.s_restart">
<summary>
  Looks up a localized resource of type System.Drawing.Bitmap.
</summary>
</member>
<member name="P:TextAdventures.Quest.Controls.My.Resources.Resources.s_room">
<summary>
  Looks up a localized resource of type System.Drawing.Bitmap.
</summary>
</member>
<member name="P:TextAdventures.Quest.Controls.My.Resources.Resources.s_save">
<summary>
  Looks up a localized resource of type System.Drawing.Bitmap.
</summary>
</member>
<member name="P:TextAdventures.Quest.Controls.My.Resources.Resources.s_save_as">
<summary>
  Looks up a localized resource of type System.Drawing.Bitmap.
</summary>
</member>
<member name="P:TextAdventures.Quest.Controls.My.Resources.Resources.s_search">
<summary>
  Looks up a localized resource of type System.Drawing.Bitmap.
</summary>
</member>
<member name="P:TextAdventures.Quest.Controls.My.Resources.Resources.s_stop">
<summary>
  Looks up a localized resource of type System.Drawing.Bitmap.
</summary>
</member>
<member name="P:TextAdventures.Quest.Controls.My.Resources.Resources.s_timer">
<summary>
  Looks up a localized resource of type System.Drawing.Bitmap.
</summary>
</member>
<member name="P:TextAdventures.Quest.Controls.My.Resources.Resources.s_turn">
<summary>
  Looks up a localized resource of type System.Drawing.Bitmap.
</summary>
</member>
<member name="P:TextAdventures.Quest.Controls.My.Resources.Resources.s_undo">
<summary>
  Looks up a localized resource of type System.Drawing.Bitmap.
</summary>
</member>
<member name="P:TextAdventures.Quest.Controls.My.Resources.Resources.s_verb">
<summary>
  Looks up a localized resource of type System.Drawing.Bitmap.
</summary>
</member>
<member name="P:TextAdventures.Quest.Controls.My.Resources.Resources.s_walk">
<summary>
  Looks up a localized resource of type System.Drawing.Bitmap.
</summary>
</member>
</members>
</doc>
