﻿<?xml version="1.0"?>
<doc>
<assembly>
<name>
Editor
</name>
</assembly>
<members>
<member name="T:TextAdventures.Quest.My.Resources.Resources">
<summary>
  A strongly-typed resource class, for looking up localized strings, etc.
</summary>
</member>
<member name="P:TextAdventures.Quest.My.Resources.Resources.ResourceManager">
<summary>
  Returns the cached ResourceManager instance used by this class.
</summary>
</member>
<member name="P:TextAdventures.Quest.My.Resources.Resources.Culture">
<summary>
  Overrides the current thread's CurrentUICulture property for all
  resource lookups using this strongly typed resource class.
</summary>
</member>
<member name="P:TextAdventures.Quest.My.Resources.Resources.addobject">
<summary>
  Looks up a localized resource of type System.Drawing.Bitmap.
</summary>
</member>
<member name="P:TextAdventures.Quest.My.Resources.Resources.b_add_page">
<summary>
  Looks up a localized resource of type System.Drawing.Bitmap.
</summary>
</member>
<member name="P:TextAdventures.Quest.My.Resources.Resources.b_back">
<summary>
  Looks up a localized resource of type System.Drawing.Bitmap.
</summary>
</member>
<member name="P:TextAdventures.Quest.My.Resources.Resources.b_code">
<summary>
  Looks up a localized resource of type System.Drawing.Bitmap.
</summary>
</member>
<member name="P:TextAdventures.Quest.My.Resources.Resources.b_copy">
<summary>
  Looks up a localized resource of type System.Drawing.Bitmap.
</summary>
</member>
<member name="P:TextAdventures.Quest.My.Resources.Resources.b_cut">
<summary>
  Looks up a localized resource of type System.Drawing.Bitmap.
</summary>
</member>
<member name="P:TextAdventures.Quest.My.Resources.Resources.b_debug">
<summary>
  Looks up a localized resource of type System.Drawing.Bitmap.
</summary>
</member>
<member name="P:TextAdventures.Quest.My.Resources.Resources.b_delete">
<summary>
  Looks up a localized resource of type System.Drawing.Bitmap.
</summary>
</member>
<member name="P:TextAdventures.Quest.My.Resources.Resources.b_forward">
<summary>
  Looks up a localized resource of type System.Drawing.Bitmap.
</summary>
</member>
<member name="P:TextAdventures.Quest.My.Resources.Resources.b_help">
<summary>
  Looks up a localized resource of type System.Drawing.Bitmap.
</summary>
</member>
<member name="P:TextAdventures.Quest.My.Resources.Resources.b_html">
<summary>
  Looks up a localized resource of type System.Drawing.Bitmap.
</summary>
</member>
<member name="P:TextAdventures.Quest.My.Resources.Resources.b_log">
<summary>
  Looks up a localized resource of type System.Drawing.Bitmap.
</summary>
</member>
<member name="P:TextAdventures.Quest.My.Resources.Resources.b_new">
<summary>
  Looks up a localized resource of type System.Drawing.Bitmap.
</summary>
</member>
<member name="P:TextAdventures.Quest.My.Resources.Resources.b_object">
<summary>
  Looks up a localized resource of type System.Drawing.Bitmap.
</summary>
</member>
<member name="P:TextAdventures.Quest.My.Resources.Resources.b_open">
<summary>
  Looks up a localized resource of type System.Drawing.Bitmap.
</summary>
</member>
<member name="P:TextAdventures.Quest.My.Resources.Resources.b_paste">
<summary>
  Looks up a localized resource of type System.Drawing.Bitmap.
</summary>
</member>
<member name="P:TextAdventures.Quest.My.Resources.Resources.b_play">
<summary>
  Looks up a localized resource of type System.Drawing.Bitmap.
</summary>
</member>
<member name="P:TextAdventures.Quest.My.Resources.Resources.b_repeat">
<summary>
  Looks up a localized resource of type System.Drawing.Bitmap.
</summary>
</member>
<member name="P:TextAdventures.Quest.My.Resources.Resources.b_replace">
<summary>
  Looks up a localized resource of type System.Drawing.Bitmap.
</summary>
</member>
<member name="P:TextAdventures.Quest.My.Resources.Resources.b_room">
<summary>
  Looks up a localized resource of type System.Drawing.Bitmap.
</summary>
</member>
<member name="P:TextAdventures.Quest.My.Resources.Resources.b_save">
<summary>
  Looks up a localized resource of type System.Drawing.Bitmap.
</summary>
</member>
<member name="P:TextAdventures.Quest.My.Resources.Resources.b_search">
<summary>
  Looks up a localized resource of type System.Drawing.Bitmap.
</summary>
</member>
<member name="P:TextAdventures.Quest.My.Resources.Resources.b_stop">
<summary>
  Looks up a localized resource of type System.Drawing.Bitmap.
</summary>
</member>
<member name="P:TextAdventures.Quest.My.Resources.Resources.b_undo">
<summary>
  Looks up a localized resource of type System.Drawing.Bitmap.
</summary>
</member>
<member name="P:TextAdventures.Quest.My.Resources.Resources.questlogo">
<summary>
  Looks up a localized resource of type System.Drawing.Bitmap.
</summary>
</member>
<member name="P:TextAdventures.Quest.My.Resources.Resources.s_object_close">
<summary>
  Looks up a localized resource of type System.Drawing.Bitmap.
</summary>
</member>
<member name="P:TextAdventures.Quest.My.Resources.Resources.s_object_open">
<summary>
  Looks up a localized resource of type System.Drawing.Bitmap.
</summary>
</member>
</members>
</doc>
