﻿<?xml version="1.0"?>
<doc>
<assembly>
<name>
LegacyASL
</name>
</assembly>
<members>
<member name="T:TextAdventures.Quest.LegacyASL.My.Resources.Resources">
<summary>
  A strongly-typed resource class, for looking up localized strings, etc.
</summary>
</member>
<member name="P:TextAdventures.Quest.LegacyASL.My.Resources.Resources.ResourceManager">
<summary>
  Returns the cached ResourceManager instance used by this class.
</summary>
</member>
<member name="P:TextAdventures.Quest.LegacyASL.My.Resources.Resources.Culture">
<summary>
  Overrides the current thread's CurrentUICulture property for all
  resource lookups using this strongly typed resource class.
</summary>
</member>
<member name="P:TextAdventures.Quest.LegacyASL.My.Resources.Resources.net">
<summary>
  Looks up a localized resource of type System.Byte[].
</summary>
</member>
<member name="P:TextAdventures.Quest.LegacyASL.My.Resources.Resources.q3ext">
<summary>
  Looks up a localized resource of type System.Byte[].
</summary>
</member>
<member name="P:TextAdventures.Quest.LegacyASL.My.Resources.Resources.QuestDAT">
<summary>
  Looks up a localized resource of type System.Byte[].
</summary>
</member>
<member name="P:TextAdventures.Quest.LegacyASL.My.Resources.Resources.standard">
<summary>
  Looks up a localized resource of type System.Byte[].
</summary>
</member>
<member name="P:TextAdventures.Quest.LegacyASL.My.Resources.Resources.stdverbs">
<summary>
  Looks up a localized resource of type System.Byte[].
</summary>
</member>
<member name="P:TextAdventures.Quest.LegacyASL.My.Resources.Resources.Typelib">
<summary>
  Looks up a localized resource of type System.Byte[].
</summary>
</member>
</members>
</doc>
