﻿<?xml version="1.0"?>
<doc>
<assembly>
<name>
Quest
</name>
</assembly>
<members>
<member name="T:TextAdventures.Quest.My.Resources.Resources">
<summary>
  Eine stark typisierte Ressourcenklasse zum Suchen von lokalisierten Zeichenfolgen usw.
</summary>
</member>
<member name="P:TextAdventures.Quest.My.Resources.Resources.ResourceManager">
<summary>
  Gibt die zwischengespeicherte ResourceManager-Instanz zurück, die von dieser Klasse verwendet wird.
</summary>
</member>
<member name="P:TextAdventures.Quest.My.Resources.Resources.Culture">
<summary>
  Überschreibt die CurrentUICulture-Eigenschaft des aktuellen Threads für alle
  Ressourcenzuordnungen, die diese stark typisierte Ressourcenklasse verwenden.
</summary>
</member>
<member name="P:TextAdventures.Quest.My.Resources.Resources.questlogo">
<summary>
  Sucht eine lokalisierte Ressource vom Typ System.Drawing.Bitmap.
</summary>
</member>
</members>
</doc>
